{
  "glbUrl": "/api/files/glbs/4_23_2026.glb",
  "glbTransform": {
    "position": {
      "x": 0,
      "y": 0,
      "z": 0
    },
    "rotation": {
      "x": 0,
      "y": 0,
      "z": 0
    },
    "scale": {
      "x": 1,
      "y": 1,
      "z": 1
    }
  },
  "objects": [],
  "homePosition": {
    "x": -1.089612200842863,
    "y": -0.19299999999999956,
    "z": -8.031667108157338
  },
  "homeLookAt": {
    "x": -4.075660307677949,
    "y": -0.3426245781134832,
    "z": -8.278910286609172
  },
  "shelves": {
    "rack room": {
      "id": "rack room",
      "barcode": "",
      "waypoints": [
        {
          "x": -7.00932789128208,
          "y": -0.19299999999999956,
          "z": -9.105924350173096
        },
        {
          "x": -7.608593372407931,
          "y": -0.19299999999999956,
          "z": -11.155277895089645
        },
        {
          "x": -8.584019141222116,
          "y": -0.19299999999999956,
          "z": -12.021058619697575
        }
      ],
      "lookAt": {
        "x": -8.443945079722491,
        "y": -0.3950336535490297,
        "z": -15.010968594952454
      },
      "panoramaUrl": null,
      "panoramaYaw": 0,
      "panoramaPitch": 0,
      "panoramaFov": 75,
      "markerYaw": null,
      "markerPitch": null,
      "durationSec": 4,
      "tension": 0.5
    }
  }
}